legacy_dataset,legacy_position,question,alternatives_json,answer_index,explanation,legal_status,source_sha256
diQs,1,O que caracteriza o REFÚGIO no direito internacional público?,"[""Proteção a quem foge por motivos políticos, garantindo segurança em outro país"", ""Autorização para um país invadir outro em caso de conflito interno"", ""Permissão para viajar livremente sem restrições entre países"", ""Medida para expulsar estrangeiros considerados indesejados""]",0,"O refúgio protege quem é forçado a fugir por razões como guerra, perseguição por raça, religião, nacionalidade, grupo social ou opinião política. Diferente do asilo, restrito a perseguição política individual.",legacy_unverified,3ca391d210e5edca9c8a05d42399c3010b915d32392dd0ca72230fb8dc2b3733
diQs,2,"No alto mar, qual é a regra vigente para embarcações estrangeiras?","[""Proibição de navegação sem autorização da ONU"", ""Vigora o princípio da liberdade, mas com restrições como combate ao tráfico de drogas"", ""As águas são divididas por linhas entre litorais e centro do oceano"", ""O Estado mais próximo tem jurisdição exclusiva""]",1,"No alto mar vigora a liberdade de navegação para qualquer bandeira. Exceções incluem combate a crimes internacionais como tráfico de drogas e pirataria, onde navios de guerra podem intervir.",legacy_unverified,3ca391d210e5edca9c8a05d42399c3010b915d32392dd0ca72230fb8dc2b3733
diQs,3,O que caracteriza as ÁGUAS EXTERNAS no direito internacional público?,"[""Águas dentro das fronteiras, sob jurisdição exclusiva do país"", ""Águas além das territoriais, mas ainda com direitos específicos do Estado costeiro"", ""Águas além da jurisdição de qualquer país"", ""Águas pertencentes exclusivamente à ONU""]",1,"Águas externas (Zona Contígua e ZEE) ficam além do mar territorial, mas conferem direitos específicos ao Estado: fiscalização na Zona Contígua, exploração econômica na ZEE.",legacy_unverified,3ca391d210e5edca9c8a05d42399c3010b915d32392dd0ca72230fb8dc2b3733
diQs,4,"Sobre o IUS IN BELLO, qual afirmativa está CORRETA?","[""O corso é atividade de espionagem entre Estados em beligerância"", ""Hipóteses legítimas de guerra são legítima defesa e manutenção da ordem pública"", ""São crimes internacionais o uso de ADM e o ataque surpresa em fronteiras abertas"", ""A comunidade internacional condena o uso de armas sem alvo definido""]",3,"O ius in bello regula a conduta durante o conflito. O uso de armas sem alvo definido (minas antipessoal, certas armas químicas) é vedado por causar sofrimento indiscriminado.",legacy_unverified,3ca391d210e5edca9c8a05d42399c3010b915d32392dd0ca72230fb8dc2b3733
diQs,5,"O Brasil NUNCA extradita qual categoria de pessoas, de forma absolutamente incondicional?","[""Estrangeiros com filhos brasileiros"", ""Brasileiros naturalizados"", ""Brasileiros natos"", ""Asilados políticos""]",2,"Brasileiros natos têm garantia constitucional absoluta de não extradição (art. 5º, LI CF). Naturalizados têm exceções: crimes antes da naturalização ou tráfico de drogas.",legacy_unverified,3ca391d210e5edca9c8a05d42399c3010b915d32392dd0ca72230fb8dc2b3733
diQs,6,Um turista fica 200 dias no Brasil com visto de 90 dias. Qual medida se aplica?,"[""Repatriação"", ""Expulsão"", ""Extradição"", ""Deportação""]",3,Deportação: medida para estrangeiro em situação irregular (entrada ou permanência). Repatriação é antes de entrar; expulsão exige crime; extradição é pedido de outro Estado.,legacy_unverified,3ca391d210e5edca9c8a05d42399c3010b915d32392dd0ca72230fb8dc2b3733
diQs,7,O 'Princípio da Dupla Tipicidade' na extradição significa que:,"[""O crime foi cometido duas vezes pelo mesmo autor"", ""O extraditando tem duas nacionalidades"", ""O fato deve ser crime tanto no Brasil quanto no país requerente"", ""Dois Estados pedem a extradição simultaneamente""]",2,"Dupla tipicidade: se a conduta não for crime no Brasil, a pessoa não é entregue, mesmo que seja crime gravíssimo no exterior.",legacy_unverified,3ca391d210e5edca9c8a05d42399c3010b915d32392dd0ca72230fb8dc2b3733
diQs,8,A Corte Interamericana de Direitos Humanos tem sede em:,"[""Washington D.C., EUA"", ""Nova York, EUA"", ""Brasília, Brasil"", ""San José, Costa Rica""]",3,"A Corte IDH fica em San José, Costa Rica. A Comissão Interamericana fica em Washington D.C. São órgãos distintos: a Comissão filtra e recomenda; a Corte julga e condena.",legacy_unverified,3ca391d210e5edca9c8a05d42399c3010b915d32392dd0ca72230fb8dc2b3733
diQs,9,"Qual é a faixa do mar territorial, onde o Estado tem soberania plena?","[""0 a 24 milhas"", ""0 a 200 milhas"", ""0 a 12 milhas"", ""12 a 24 milhas""]",2,"Mar territorial: 12 milhas — soberania plena sobre solo, subsolo, água e espaço aéreo. Zona Contígua: 12-24 milhas (fiscalização). ZEE: até 200 milhas (exploração econômica).",legacy_unverified,3ca391d210e5edca9c8a05d42399c3010b915d32392dd0ca72230fb8dc2b3733
diQs,10,A pirataria em alto mar tem característica única no DI. Qual é ela?,"[""Só pode ser combatida pela ONU"", ""É o primeiro crime de jurisdição universal — qualquer Estado pode capturar e julgar piratas"", ""Apenas o país da bandeira da embarcação atacada pode agir"", ""Regulada exclusivamente pelos EUA como potência naval""]",1,"Pirataria é o primeiro crime de jurisdição universal: qualquer Estado, independente de vínculo com as partes, pode capturar navios piratas no alto mar e julgá-los.",legacy_unverified,3ca391d210e5edca9c8a05d42399c3010b915d32392dd0ca72230fb8dc2b3733
diQs,11,O Mercosul é juridicamente classificado como:,"[""Mercado Comum completo"", ""União Econômica e Monetária"", ""União Aduaneira imperfeita (intergovernamental)"", ""Zona de Livre Comércio simples""]",2,"Apesar do nome, o Mercosul está na fase de União Aduaneira imperfeita. É intergovernamental: decisões precisam de consenso unânime e ratificação interna de cada país.",legacy_unverified,3ca391d210e5edca9c8a05d42399c3010b915d32392dd0ca72230fb8dc2b3733
diQs,12,A DUDH (1948) nasceu como:,"[""Tratado vinculante com força de lei imediata"", ""Resolução da Assembleia Geral da ONU, sem força de tratado originalmente"", ""Convenção ratificada obrigatoriamente por todos os fundadores da ONU"", ""Emenda à Carta da ONU""]",1,"A DUDH nasceu como resolução (não vinculante), mas hoje é considerada norma costumeira e ius cogens (norma imperativa do direito internacional).",legacy_unverified,3ca391d210e5edca9c8a05d42399c3010b915d32392dd0ca72230fb8dc2b3733
diQs,13,O asilo diplomático é concedido em:,"[""Dentro do território do país asilante"", ""Embaixadas e navios de guerra oficiais"", ""Apenas em cidades sede da ONU"", ""Pelo STF após pedido formal""]",1,Asilo diplomático é concedido em repartições diplomáticas (embaixadas) e embarcações oficiais. É provisório — negocia-se salvo-conduto para o asilado chegar ao país protetor.,legacy_unverified,3ca391d210e5edca9c8a05d42399c3010b915d32392dd0ca72230fb8dc2b3733
diQs,14,Qual NÃO é princípio fundamental do Direito Comunitário Europeu?,"[""Primazia"", ""Efeito Direto"", ""Aplicabilidade Imediata"", ""Reciprocidade Obrigatória""]",3,"Os três princípios são: Primazia, Efeito Direto e Aplicabilidade Imediata. Reciprocidade pertence ao DI clássico, não ao comunitário.",legacy_unverified,3ca391d210e5edca9c8a05d42399c3010b915d32392dd0ca72230fb8dc2b3733
diQs,15,Um estrangeiro entrou no Brasil com 8 anos e vive aqui desde então. Pode ser expulso?,"[""Sim, se cometer crime hediondo"", ""Não — quem entrou com até 12 anos e reside aqui desde então está protegido"", ""Sim, com autorização judicial do STF"", ""Apenas se não tiver cônjuge ou filhos brasileiros""]",1,A Lei 13.445/17 proíbe expressamente a expulsão de estrangeiro que ingressou no Brasil com até 12 anos de idade e aqui reside desde então — independente do crime.,legacy_unverified,3ca391d210e5edca9c8a05d42399c3010b915d32392dd0ca72230fb8dc2b3733
diQs,16,A 'entrega' (surrender) ao TPI difere da extradição porque:,"[""Entrega só ocorre para crimes políticos"", ""Na entrega, até brasileiros natos podem ser entregues ao TPI"", ""A entrega não exige processo judicial"", ""A entrega só ocorre entre países latino-americanos""]",1,"O art. 5º §4º CF submete o Brasil ao TPI. A entrega pode alcançar qualquer pessoa, inclusive brasileiros natos — pois é entrega a um tribunal internacional, não a outro Estado.",legacy_unverified,3ca391d210e5edca9c8a05d42399c3010b915d32392dd0ca72230fb8dc2b3733
diQs,17,"Na ZEE, qual é o direito do Estado costeiro?","[""Soberania plena sobre qualquer atividade"", ""Apenas fiscalização aduaneira e sanitária"", ""Exploração econômica exclusiva dos recursos naturais (pesca, petróleo)"", ""Proibição total de navegação estrangeira""]",2,A ZEE (12–200 milhas) garante ao Estado exploração econômica exclusiva dos recursos. Não é soberania plena — navios e aeronaves estrangeiras têm liberdade de navegação e sobrevoo.,legacy_unverified,3ca391d210e5edca9c8a05d42399c3010b915d32392dd0ca72230fb8dc2b3733
diQs,18,Os Canais de Suez e do Panamá têm qual natureza jurídica?,"[""Domínio público internacional — uso gratuito"", ""Patrimônio da ONU gerido pela IMO"", ""Domínio privado dos Estados onde estão — regulam e cobram pedágio"", ""Zonas neutras sob controle conjunto de potências""]",2,"Canais artificiais são domínio privado do Estado territorial. O Egito controla Suez; o Panamá controla o Canal do Panamá. Diferem dos estreitos naturais, que são domínio público.",legacy_unverified,3ca391d210e5edca9c8a05d42399c3010b915d32392dd0ca72230fb8dc2b3733
diQs,19,O que é o Princípio da Reciprocidade na extradição?,"[""O extraditando deve ser tratado com dignidade"", ""O Brasil só extradita se o outro país se comprometer a fazer o mesmo no futuro"", ""Ambos os países devem ter o mesmo sistema jurídico"", ""O crime deve ter vítimas nos dois países""]",1,"Reciprocidade: na ausência de tratado formal, o Brasil extradita se o Estado requerente prometer tratamento recíproco em casos futuros.",legacy_unverified,3ca391d210e5edca9c8a05d42399c3010b915d32392dd0ca72230fb8dc2b3733
diQs,20,"Sobre a condição jurídica do estrangeiro, marque a CORRETA:","[""Extradição exclui estrangeiro por entrada ou permanência irregular"", ""O Brasil proíbe extradição dissimulada — entrega informal sem processo legal perante o STF"", ""Expulsão e extradição são institutos similares, diferenciando só no ilícito penal"", ""Estrangeiro barrado na entrada por condição irregular é deportado""]",1,O Brasil proíbe extradição dissimulada (entrega informal à margem da lei). A opção A descreve deportação. A D descreve repatriação. Expulsão e extradição são institutos distintos.,legacy_unverified,3ca391d210e5edca9c8a05d42399c3010b915d32392dd0ca72230fb8dc2b3733
diQs,21,O que NÃO é novidade da Lei de Imigração (Lei 13.445/17)?,"[""O visto humanitário"", ""A proteção mais humanista dos estrangeiros"", ""A proibição de extradição dissimulada"", ""O fim da expulsão por atividade nociva""]",2,"A proibição de extradição dissimulada já existia antes da Lei 13.445/17. Visto humanitário, proteção ampliada ao migrante e extinção da expulsão por 'atividade nociva' são novidades da lei.",legacy_unverified,3ca391d210e5edca9c8a05d42399c3010b915d32392dd0ca72230fb8dc2b3733
diQs,22,"Sobre o asilo político, qual afirmativa está CORRETA?","[""Asilo diplomático só é possível com autorização do Estado onde está a embaixada"", ""O asilo é direito de todo perseguido político, garantido por tratados"", ""Asilo territorial = embaixadas; exílio = território do Estado que o concede"", ""Salvo-conduto é negociado com o Estado perseguidor para saída segura do asilado""]",3,O salvo-conduto é negociado pelo Estado asilante com o Estado perseguidor para garantir passagem segura do asilado até o território protetor. Asilo não é direito absoluto — é ato discricionário.,legacy_unverified,3ca391d210e5edca9c8a05d42399c3010b915d32392dd0ca72230fb8dc2b3733
diQs,23,Qual afirmativa sobre Domínio Público Internacional está CORRETA?,"[""A plataforma continental geológica é terra submersa até onde se inicia o mar profundo; a legal é definida em milhas com a ONU"", ""No alto mar há zonas preferenciais da ONU para neutralidade e controle estratégico"", ""EUA reivindicam a Antártida pela teoria da descoberta"", ""Oceanos são divididos por linhas entre pontas dos litorais e centro""]",0,A plataforma continental geológica é o prolongamento natural do território sob o mar. A plataforma legal pode ser negociada com a ONU. Nenhum país tem direito reconhecido sobre a Antártida.,legacy_unverified,3ca391d210e5edca9c8a05d42399c3010b915d32392dd0ca72230fb8dc2b3733
diQs,24,"Sobre os mecanismos de solução de conflitos internacionais, qual está CORRETA?","[""Arbitragem internacional nasce da CIJ e aplica o DIP"", ""Bons ofícios implica proposta de solução por Estado neutro"", ""Sistema de Consultas institucionaliza solução preventiva com mecanismo preestabelecido"", ""Países em conflito submetem a questão ao CS da ONU como mediador""]",2,"O Sistema de Consultas é mecanismo preventivo: países se reúnem periodicamente para resolver divergências antes que virem conflitos graves. Bons ofícios apenas reaproxima, sem propor soluções.",legacy_unverified,3ca391d210e5edca9c8a05d42399c3010b915d32392dd0ca72230fb8dc2b3733
diQs,25,"Sobre o direito comunitário, o que NÃO podemos afirmar?","[""UE/Mercosul gerará zona de livre comércio nos termos atuais"", ""NAFTA é zona de livre comércio entre EUA e Canadá"", ""Mercosul é Zona de Preferências Aduaneiras por ter TEC"", ""UE é mais que Mercado Comum, com moeda única e banco central""]",2,"O Mercosul TEM TEC (Tarifa Externa Comum) → classifica-se como União Aduaneira, não Zona de Preferências Aduaneiras. O NAFTA (USMCA) inclui também o México.",legacy_unverified,3ca391d210e5edca9c8a05d42399c3010b915d32392dd0ca72230fb8dc2b3733
diQs,26,"Sobre vistos no Brasil, qual está CORRETA?","[""Visto de trânsito é para turistas"", ""Visto de imigrante é definitivo"", ""Visto de visita serve para turistas"", ""Visto humanitário é somente para períodos de guerra""]",2,"O visto de visita (antes chamado de turismo) é destinado a estadias curtas: turismo, negócios, eventos. O de imigrante não é definitivo — requer renovação. O humanitário atende qualquer vulnerabilidade extrema.",legacy_unverified,3ca391d210e5edca9c8a05d42399c3010b915d32392dd0ca72230fb8dc2b3733
diQs,27,"Sobre extradição, o que NÃO podemos afirmar?","[""Só é possível mediante tratado entre os países"", ""Depende da detração da pena no Brasil"", ""Brasileiros naturalizados podem ser extraditados em casos excepcionais"", ""Exige dupla tipicidade (fato deve ser crime nos dois países)""]",0,A extradição NÃO exige obrigatoriamente tratado — pode ocorrer pelo Princípio da Reciprocidade (promessa de tratamento recíproco). Afirmar que 'só é possível mediante tratado' é FALSO.,legacy_unverified,3ca391d210e5edca9c8a05d42399c3010b915d32392dd0ca72230fb8dc2b3733
diQs,28,O que é o ius ad bellum?,"[""Regras que devem ser seguidas durante o combate"", ""O direito de iniciar um conflito armado — hoje praticamente banido"", ""A autorização da ONU para operações de paz"", ""A jurisdição penal internacional para crimes de guerra""]",1,"Ius ad bellum = direito de iniciar guerra. Após a Carta da ONU (1945), é praticamente banido — apenas legítima defesa e autorização do Conselho de Segurança justificam o uso da força.",legacy_unverified,3ca391d210e5edca9c8a05d42399c3010b915d32392dd0ca72230fb8dc2b3733
diQs,29,"Na estrutura do Sistema Interamericano, quem pode levar um caso à Corte IDH?","[""Qualquer cidadão prejudicado diretamente"", ""Qualquer ONG de direitos humanos"", ""Apenas a Comissão Interamericana ou Estados-Membros"", ""Apenas o MP do país violador""]",2,"O cidadão NÃO acessa a Corte diretamente. Ele denuncia à Comissão; se o Estado descumprir as recomendações, a Comissão (ou outro Estado) leva à Corte.",legacy_unverified,3ca391d210e5edca9c8a05d42399c3010b915d32392dd0ca72230fb8dc2b3733
diQs,30,O que é o 'salvo-conduto' no contexto do asilo diplomático?,"[""Documento que naturaliza o asilado no país protetor"", ""Garantia negociada com o Estado perseguidor para saída segura do asilado diplomático"", ""Autorização da ONU para o Estado acolher refugiados"", ""Decisão judicial que impede a extradição do asilado""]",1,"O salvo-conduto é negociado entre o Estado asilante (que protege na embaixada) e o Estado perseguidor, para garantir a passagem segura do asilado até o território do país protetor.",legacy_unverified,3ca391d210e5edca9c8a05d42399c3010b915d32392dd0ca72230fb8dc2b3733
pvQs,1,Qual é a diferença entre obrigação principal e obrigação acessória no direito previdenciário?,"[""Principal = declarações; acessória = pagamento"", ""Principal sempre envolve pagamento em dinheiro; acessória é dever instrumental (declarações, registros)"", ""São sinônimos no contexto previdenciário"", ""Principal é para pessoas físicas; acessória é para pessoas jurídicas""]",1,"Obrigação principal = sempre pagamento (art. 121 CTN). Obrigação acessória = deveres instrumentais como declarações, registros e documentos ao INSS. Se descumprir a acessória, a multa vira obrigação principal.",legacy_unverified,3ca391d210e5edca9c8a05d42399c3010b915d32392dd0ca72230fb8dc2b3733
pvQs,2,Quem é o responsável tributário na relação de emprego com carteira assinada?,"[""O empregado, pois recebe o salário"", ""O empregador, que por lei deve descontar e repassar ao INSS"", ""A Receita Federal, que gerencia os repasses"", ""O sindicato da categoria""]",1,"O empregado é o contribuinte (salário = fato gerador), mas o empregador é o responsável tributário — a lei o obriga a descontar a contribuição e repassar ao INSS.",legacy_unverified,3ca391d210e5edca9c8a05d42399c3010b915d32392dd0ca72230fb8dc2b3733
pvQs,3,"Se a empresa desconta o INSS do empregado e não repassa ao INSS, comete:","[""Infração administrativa punida pela Receita"", ""Crime de sonegação fiscal, julgado pela Justiça Estadual"", ""Crime de apropriação indébita previdenciária (art. 168-A CP), apurado pela PF e julgado pela Justiça Federal"", ""Irregularidade civil sem consequência penal""]",2,Art. 168-A do Código Penal: apropriar-se de contribuição descontada do empregado e não repassar ao INSS é crime. Apurado pela Polícia Federal e julgado pela Justiça Federal.,legacy_unverified,3ca391d210e5edca9c8a05d42399c3010b915d32392dd0ca72230fb8dc2b3733
pvQs,4,Quem financia a Seguridade Social segundo o art. 195 da CF?,"[""Apenas trabalhadores e empresas"", ""Trabalhadores, empresas, importadores e participantes de concursos de prognóstico (loterias)"", ""Apenas o Estado via impostos gerais"", ""Somente contribuintes do RGPS""]",1,"Art. 195 CF: empregadores/empresas (folha, faturamento, lucro), trabalhadores/segurados, participantes de concursos de prognóstico (loterias) e importadores de bens/serviços do exterior.",legacy_unverified,3ca391d210e5edca9c8a05d42399c3010b915d32392dd0ca72230fb8dc2b3733
pvQs,5,"Um apostador de loteria, ao apostar, passa a ser segurado da Previdência?","[""Sim, pois contribui indiretamente para o sistema"", ""Não — parte do valor aposto financia a seguridade, mas o apostador não vira segurado"", ""Sim, após 5 anos de apostas regulares"", ""Não, pois loteria não financia a seguridade""]",1,"O apostador contribui indiretamente via loterias (parte da arrecadação vai à seguridade), mas não se torna segurado por isso. Segue o princípio de que toda a sociedade sustenta a proteção social.",legacy_unverified,3ca391d210e5edca9c8a05d42399c3010b915d32392dd0ca72230fb8dc2b3733
pvQs,6,Um aposentado do RGPS retorna ao trabalho. O que ocorre com suas contribuições?,"[""Não precisa contribuir mais, pois já está aposentado"", ""Contribui sobre o novo salário, e essas contribuições podem gerar nova aposentadoria"", ""Contribui sobre o novo salário, mas as contribuições NÃO geram nova aposentadoria"", ""Só contribui se o novo salário superar o teto do RGPS""]",2,"O aposentado que retorna ao trabalho é segurado obrigatório e paga INSS sobre o novo salário, MAS o STF afastou a desaposentação — essas contribuições não geram nova aposentadoria no RGPS.",legacy_unverified,3ca391d210e5edca9c8a05d42399c3010b915d32392dd0ca72230fb8dc2b3733
pvQs,7,"Qual é a idade mínima para filiação obrigatória ao RGPS, e qual a exceção?","[""18 anos em geral; 16 para aprendiz"", ""16 anos em geral; 14 anos para aprendiz com contrato educacional"", ""14 anos em geral; sem exceções"", ""18 anos sem exceções""]",1,"Regra: 16 anos. Exceção: aprendiz a partir dos 14 anos, desde que haja contrato de aprendizagem com finalidade educacional e prazo determinado.",legacy_unverified,3ca391d210e5edca9c8a05d42399c3010b915d32392dd0ca72230fb8dc2b3733
pvQs,8,O que é a pejotização e qual sua consequência previdenciária?,"[""Contratação legítima de MEI para prestação de serviços"", ""Fraude: mascarar relação de emprego via PJ — pode gerar reconhecimento do vínculo e contribuições retroativas"", ""Registro incorreto de empregado como contribuinte individual — sem consequência"", ""Modalidade de contrato temporário permitida pela CLT""]",1,Pejotização = criar PJ fictícia para encobrir relação de emprego com subordinação. É fraude e pode gerar reconhecimento do vínculo empregatício e cobrança de contribuições retroativas ao INSS.,legacy_unverified,3ca391d210e5edca9c8a05d42399c3010b915d32392dd0ca72230fb8dc2b3733
pvQs,9,Qual a diferença entre o segurado especial e o contribuinte individual no âmbito rural?,"[""São a mesma categoria"", ""Especial = economia familiar, sem empregados permanentes, subsistência; individual = autônomo rural com estrutura empresarial"", ""Especial tem mais contribuições; individual tem menos"", ""Não existe distinção no RGPS""]",1,"Segurado especial: trabalho rural em regime de economia familiar, sem empregados permanentes, voltado à subsistência. Contribuinte individual: trabalha por conta própria sem esse enquadramento familiar.",legacy_unverified,3ca391d210e5edca9c8a05d42399c3010b915d32392dd0ca72230fb8dc2b3733
pvQs,10,"Para o segurado facultativo, quando ocorre a filiação ao RGPS?","[""Com o simples cadastro no INSS"", ""Com o pagamento da primeira contribuição"", ""Com a apresentação de documentos na agência do INSS"", ""Com a formalização de contrato com o INSS""]",1,"O segurado facultativo precisa de manifestação de vontade, que se concretiza com o pagamento da primeira contribuição. Só a partir desse pagamento ele é considerado segurado — o cadastro isolado não basta.",legacy_unverified,3ca391d210e5edca9c8a05d42399c3010b915d32392dd0ca72230fb8dc2b3733
pvQs,11,O trabalhador em condição análoga à escravidão é segurado obrigatório do RGPS?,"[""Não, pois a situação é ilegal"", ""Sim — o DPrevidenciário protege o trabalho de fato, independente da legalidade do vínculo"", ""Só se o empregador regularizar a situação"", ""Apenas se houver habeas corpus deferido""]",1,"O direito previdenciário não depende da legalidade do vínculo de trabalho, mas da existência do trabalho de fato. Mesmo em situação ilegal imposta pelo empregador, o trabalhador é segurado obrigatório do RGPS.",legacy_unverified,3ca391d210e5edca9c8a05d42399c3010b915d32392dd0ca72230fb8dc2b3733
pvQs,12,Qual é o período de graça padrão para o segurado obrigatório que para de contribuir?,"[""6 meses"", ""12 meses"", ""18 meses"", ""24 meses""]",1,O período de graça padrão é de 12 meses para segurados obrigatórios. Pode aumentar para 24 meses (se tiver mais de 120 contribuições) ou 36 meses (se houver desemprego involuntário comprovado).,legacy_unverified,3ca391d210e5edca9c8a05d42399c3010b915d32392dd0ca72230fb8dc2b3733
pvQs,13,"Para o segurado facultativo, qual é o período de graça?","[""12 meses"", ""6 meses"", ""24 meses"", ""Não existe período de graça para facultativos""]",1,"O segurado facultativo tem período de graça de apenas 6 meses, pois sua participação no sistema é voluntária — período menor que o do obrigatório (12 meses).",legacy_unverified,3ca391d210e5edca9c8a05d42399c3010b915d32392dd0ca72230fb8dc2b3733
pvQs,14,Contribuições abaixo do salário mínimo (após nov/2019) contam para carência?,"[""Sim, sempre contam proporcionalmente"", ""Não contam; podem ser complementadas (pagar diferença) ou agrupadas (juntar até atingir o mínimo)"", ""Contam apenas para segurado facultativo"", ""Contam apenas se houver autorização do INSS""]",1,"Após novembro de 2019, contribuições abaixo do mínimo não contam para carência. Para contar: complementação (pagar a diferença) ou agrupamento (somar contribuições menores até alcançar o salário mínimo exigido).",legacy_unverified,3ca391d210e5edca9c8a05d42399c3010b915d32392dd0ca72230fb8dc2b3733
pvQs,15,"Quais benefícios NÃO exigem carência, apenas qualidade de segurado?","[""Aposentadoria por tempo e auxílio-doença"", ""Pensão por morte e auxílio-reclusão"", ""Salário-maternidade e aposentadoria por invalidez"", ""Todos os benefícios exigem carência""]",1,Pensão por morte e auxílio-reclusão exigem apenas qualidade de segurado no momento do evento — sem número mínimo de contribuições. Aposentadorias e auxílio-doença exigem carência específica.,legacy_unverified,3ca391d210e5edca9c8a05d42399c3010b915d32392dd0ca72230fb8dc2b3733
pvQs,16,"Para empregado com carteira assinada, a carência conta mesmo se o empregador não pagar o INSS?","[""Não — só conta a partir do pagamento efetivo"", ""Sim — para empregado a carência conta desde o início da atividade, independente do empregador pagar"", ""Apenas se o empregado reclamar na Justiça"", ""Só conta se houver mais de 6 meses de trabalho comprovado""]",1,"Para empregados, domésticos e avulsos, a carência conta desde o início da atividade — mesmo que o empregador não pague. A obrigação de recolher é do empregador; o empregado não é prejudicado.",legacy_unverified,3ca391d210e5edca9c8a05d42399c3010b915d32392dd0ca72230fb8dc2b3733
pvQs,17,O que é 'contribuição oportunista' e qual sua consequência?,"[""Contribuir em dois regimes ao mesmo tempo — é permitido"", ""Contribuir após já ter ocorrido o evento (ex: ficar doente e depois contribuir para pedir auxílio-doença) — não é aceito"", ""Contribuição em atraso com multa — é aceita"", ""Contribuição extra voluntária para aumentar o benefício — é permitida""]",1,Contribuição oportunista = contribuir depois que o evento já ocorreu para obter benefício. Não é aceito pelo INSS — ex: ficar doente e começar a contribuir para pedir auxílio-doença em seguida.,legacy_unverified,3ca391d210e5edca9c8a05d42399c3010b915d32392dd0ca72230fb8dc2b3733
pvQs,18,O trabalhador avulso tem os mesmos direitos previdenciários do empregado?,"[""Não, pois não tem vínculo empregatício formal"", ""Sim, apesar de não ter vínculo formal, possui os mesmos direitos do empregado"", ""Apenas parcialmente — somente aposentadoria por tempo"", ""Depende da aprovação do sindicato mediador""]",1,"O trabalhador avulso presta serviços a várias empresas com intermediação de sindicato ou órgão gestor. Apesar de não ter vínculo formal, possui os mesmos direitos previdenciários do empregado.",legacy_unverified,3ca391d210e5edca9c8a05d42399c3010b915d32392dd0ca72230fb8dc2b3733
pvQs,19,Quando ocorre a perda da qualidade de segurado e o que isso implica?,"[""Ocorre no 1º dia sem contribuição, cancela todos os benefícios futuros"", ""Ocorre após o período de graça; o segurado perde a proteção e pode precisar cumprir carência novamente para novos benefícios"", ""Ocorre após 6 meses sem contribuir; cancela aposentadorias já concedidas"", ""Nunca ocorre — uma vez filiado, sempre segurado""]",1,"A perda ocorre após o período de graça. Implica perda da proteção, mas NÃO cancela aposentadorias já concedidas ou cujos requisitos já foram cumpridos. Para voltar, precisa filiar-se novamente e, em alguns casos, cumprir parte da carência.",legacy_unverified,3ca391d210e5edca9c8a05d42399c3010b915d32392dd0ca72230fb8dc2b3733
pvQs,20,A aposentadoria híbrida permite:,"[""Aposentar por dois regimes simultaneamente"", ""Somar períodos rurais e urbanos para cumprir carência, mas aplica a idade mínima urbana (sem redução rural)"", ""Aposentar mais cedo somando períodos rurais e urbanos com redução de idade"", ""Só é válida para segurados especiais com mais de 20 anos de atividade""]",1,"A aposentadoria híbrida permite somar períodos de trabalho rural e urbano para a carência. Porém, aplica a IDADE MÍNIMA URBANA — sem a redução prevista para trabalhadores exclusivamente rurais.",legacy_unverified,3ca391d210e5edca9c8a05d42399c3010b915d32392dd0ca72230fb8dc2b3733
svQs,1,"I. O contribuinte é o sujeito passivo com relação direta ao fato gerador da obrigação tributária.
II. O responsável tributário também possui relação direta com o fato gerador, apenas contribuindo subsidiariamente.","[""Ambas verdadeiras"", ""I verdadeira, II falsa"", ""I falsa, II verdadeira"", ""Ambas falsas""]",1,"I é VERDADEIRA — o contribuinte tem relação direta com o fato gerador (ex: trabalhador cujo salário origina a contribuição). II é FALSA — o responsável tributário, ao contrário, NÃO tem relação direta com o fato gerador; é designado por lei para recolher tributo alheio.",legacy_unverified,3ca391d210e5edca9c8a05d42399c3010b915d32392dd0ca72230fb8dc2b3733
svQs,2,"I. A obrigação acessória sempre envolve o pagamento de um valor em dinheiro ao Fisco.
II. O descumprimento de uma obrigação acessória pode gerar uma obrigação principal, consistente no pagamento de multa.","[""Ambas verdadeiras"", ""I verdadeira, II falsa"", ""I falsa, II verdadeira"", ""Ambas falsas""]",2,"I é FALSA — obrigação acessória é dever instrumental (declarações, registros), não pagamento. II é VERDADEIRA — a multa pelo descumprimento da acessória é uma obrigação principal (envolve pagamento em dinheiro), conforme art. 121 do CTN.",legacy_unverified,3ca391d210e5edca9c8a05d42399c3010b915d32392dd0ca72230fb8dc2b3733
svQs,3,"I. O empregador que desconta contribuição previdenciária do empregado e não a repassa ao INSS comete crime de apropriação indébita previdenciária.
II. Esse crime é apurado pela Polícia Civil e julgado pela Justiça Estadual.","[""Ambas verdadeiras"", ""I verdadeira, II falsa"", ""I falsa, II verdadeira"", ""Ambas falsas""]",1,"I é VERDADEIRA — art. 168-A do Código Penal. II é FALSA — é apurado pela Polícia FEDERAL e julgado pela Justiça FEDERAL, pois o INSS é autarquia federal.",legacy_unverified,3ca391d210e5edca9c8a05d42399c3010b915d32392dd0ca72230fb8dc2b3733
svQs,4,"I. Os participantes de concursos de prognóstico (loterias) são contribuintes da seguridade social, tornando-se automaticamente segurados do RGPS ao apostar.
II. A lógica por trás dessa contribuição é o princípio de que toda a sociedade deve financiar a proteção social.","[""Ambas verdadeiras"", ""I verdadeira, II falsa"", ""I falsa, II verdadeira"", ""Ambas falsas""]",2,"I é FALSA — os apostadores financiam indiretamente a seguridade via loterias, mas NÃO se tornam segurados do RGPS por isso. II é VERDADEIRA — reflete o princípio da universalidade do financiamento da seguridade social.",legacy_unverified,3ca391d210e5edca9c8a05d42399c3010b915d32392dd0ca72230fb8dc2b3733
svQs,5,"I. O aposentado pelo RGPS que retorna ao trabalho é isento de contribuir para o INSS.
II. As contribuições pagas pelo aposentado do RGPS que retorna ao trabalho não geram direito a nova aposentadoria, conforme entendimento do STF.","[""Ambas verdadeiras"", ""I verdadeira, II falsa"", ""I falsa, II verdadeira"", ""Ambas falsas""]",2,I é FALSA — o aposentado que retorna ao trabalho volta como segurado OBRIGATÓRIO e deve contribuir sobre o novo salário. II é VERDADEIRA — o STF afastou a desaposentação; as contribuições do retorno não geram nova aposentadoria no RGPS.,legacy_unverified,3ca391d210e5edca9c8a05d42399c3010b915d32392dd0ca72230fb8dc2b3733
svQs,6,"I. A filiação ao RGPS dos segurados obrigatórios ocorre automaticamente com o início da atividade remunerada, independentemente do pagamento de contribuições pelo empregador.
II. Para o segurado facultativo, a filiação se concretiza com o simples cadastro no INSS, antes mesmo do primeiro pagamento.","[""Ambas verdadeiras"", ""I verdadeira, II falsa"", ""I falsa, II verdadeira"", ""Ambas falsas""]",1,"I é VERDADEIRA — a filiação do obrigatório é automática com o exercício da atividade; o empregado não perde a qualidade de segurado se o empregador não pagar. II é FALSA — para o facultativo, a filiação exige manifestação de vontade E o pagamento da primeira contribuição; o cadastro sozinho não basta.",legacy_unverified,3ca391d210e5edca9c8a05d42399c3010b915d32392dd0ca72230fb8dc2b3733
svQs,7,"I. O período de graça para o segurado obrigatório que se torna desempregado involuntariamente e comprova essa condição pode chegar a 36 meses.
II. O segurado facultativo possui o mesmo período de graça do segurado obrigatório: 12 meses.","[""Ambas verdadeiras"", ""I verdadeira, II falsa"", ""I falsa, II verdadeira"", ""Ambas falsas""]",1,"I é VERDADEIRA — regra geral 12 meses + 12 por ter mais de 120 contribuições + 12 por desemprego involuntário comprovado = 36 meses. II é FALSA — o segurado facultativo tem apenas 6 meses de período de graça, pois sua participação é voluntária.",legacy_unverified,3ca391d210e5edca9c8a05d42399c3010b915d32392dd0ca72230fb8dc2b3733
svQs,8,"I. A pensão por morte e o auxílio-reclusão exigem carência mínima de 12 contribuições para serem concedidos.
II. Para esses benefícios, basta que o falecido ou preso tivesse a qualidade de segurado no momento do evento.","[""Ambas verdadeiras"", ""I verdadeira, II falsa"", ""I falsa, II verdadeira"", ""Ambas falsas""]",2,"I é FALSA — pensão por morte e auxílio-reclusão NÃO exigem carência; basta a qualidade de segurado no momento do evento. II é VERDADEIRA — são benefícios sem carência mínima de contribuições, dependendo apenas da manutenção da qualidade de segurado.",legacy_unverified,3ca391d210e5edca9c8a05d42399c3010b915d32392dd0ca72230fb8dc2b3733
svQs,9,"I. Para empregados com carteira assinada, a carência previdenciária conta desde o início da atividade, mesmo que o empregador não tenha recolhido as contribuições ao INSS.
II. Para contribuintes individuais e facultativos, a carência conta a partir do pagamento efetivo de cada contribuição.","[""Ambas verdadeiras"", ""I verdadeira, II falsa"", ""I falsa, II verdadeira"", ""Ambas falsas""]",0,"Ambas são VERDADEIRAS. I — o empregado não é prejudicado pela omissão do empregador; a responsabilidade de recolher é deste. II — para contribuintes individuais e facultativos, só conta a partir do pagamento efetivo, pois não há responsável tributário que faça o desconto por eles.",legacy_unverified,3ca391d210e5edca9c8a05d42399c3010b915d32392dd0ca72230fb8dc2b3733
svQs,10,"I. O trabalhador em condição análoga à escravidão não pode ser considerado segurado obrigatório do RGPS, pois a relação de trabalho é ilegal.
II. O direito previdenciário protege o trabalho de fato, independentemente da legalidade do vínculo.","[""Ambas verdadeiras"", ""I verdadeira, II falsa"", ""I falsa, II verdadeira"", ""Ambas falsas""]",2,"I é FALSA — mesmo em situação ilegal ou análoga à escravidão, o trabalhador é segurado obrigatório. II é VERDADEIRA — o RGPS protege quem trabalha de fato; a irregularidade é do empregador, não do trabalhador.",legacy_unverified,3ca391d210e5edca9c8a05d42399c3010b915d32392dd0ca72230fb8dc2b3733
svQs,11,"I. O segurado especial é o trabalhador urbano que exerce atividade por conta própria sem empregados.
II. Para o segurado especial comprovar o trabalho rural, não basta prova testemunhal isolada — é necessário início de prova material.","[""Ambas verdadeiras"", ""I verdadeira, II falsa"", ""I falsa, II verdadeira"", ""Ambas falsas""]",2,"I é FALSA — o segurado especial é o trabalhador RURAL em regime de economia FAMILIAR, sem empregados permanentes, voltado à subsistência. II é VERDADEIRA — a jurisprudência exige início de prova material (documentos) para comprovar o trabalho rural.",legacy_unverified,3ca391d210e5edca9c8a05d42399c3010b915d32392dd0ca72230fb8dc2b3733
svQs,12,"I. A diarista, por não trabalhar de forma contínua para o mesmo tomador, é enquadrada como empregada doméstica.
II. A diarista é classificada como contribuinte individual no RGPS.","[""Ambas verdadeiras"", ""I verdadeira, II falsa"", ""I falsa, II verdadeira"", ""Ambas falsas""]",2,"I é FALSA — a diarista NÃO é empregada doméstica, justamente por falta de continuidade. II é VERDADEIRA — por trabalhar de forma não contínua e por conta própria, é classificada como contribuinte individual.",legacy_unverified,3ca391d210e5edca9c8a05d42399c3010b915d32392dd0ca72230fb8dc2b3733
svQs,13,"I. A pejotização ocorre quando o trabalhador cria uma pessoa jurídica para prestar serviços, mesmo havendo subordinação, pessoalidade e habitualidade — características de vínculo empregatício.
II. Reconhecida a fraude da pejotização, não há consequências previdenciárias, apenas trabalhistas.","[""Ambas verdadeiras"", ""I verdadeira, II falsa"", ""I falsa, II verdadeira"", ""Ambas falsas""]",1,"I é VERDADEIRA — pejotização é mascarar relação de emprego com subordinação via PJ, o que é fraude. II é FALSA — há consequências TAMBÉM previdenciárias: reconhecimento do vínculo gera cobrança retroativa de contribuições ao INSS.",legacy_unverified,3ca391d210e5edca9c8a05d42399c3010b915d32392dd0ca72230fb8dc2b3733
svQs,14,"I. O trabalhador avulso, apesar de não ter vínculo empregatício formal, possui os mesmos direitos previdenciários do empregado.
II. O trabalhador avulso presta serviços a uma única empresa por vez, com intermediação do sindicato.","[""Ambas verdadeiras"", ""I verdadeira, II falsa"", ""I falsa, II verdadeira"", ""Ambas falsas""]",1,"I é VERDADEIRA — o avulso tem isonomia de direitos previdenciários com o empregado (CF, art. 7º, XXXIV). II é FALSA — o avulso presta serviços a DIVERSAS empresas (não uma só), sem vínculo em nenhuma, com intermediação de sindicato ou órgão gestor.",legacy_unverified,3ca391d210e5edca9c8a05d42399c3010b915d32392dd0ca72230fb8dc2b3733
svQs,15,"I. O aprendiz pode ser filiado ao RGPS como segurado obrigatório a partir dos 14 anos, desde que haja contrato de aprendizagem com finalidade educacional.
II. A regra geral para filiação obrigatória ao RGPS é de 18 anos de idade.","[""Ambas verdadeiras"", ""I verdadeira, II falsa"", ""I falsa, II verdadeira"", ""Ambas falsas""]",1,"I é VERDADEIRA — aprendiz pode filiar-se a partir dos 14 anos com contrato educacional. II é FALSA — a regra geral é 16 anos, não 18. Portanto, I verdadeira e II falsa.",legacy_unverified,3ca391d210e5edca9c8a05d42399c3010b915d32392dd0ca72230fb8dc2b3733
svQs,16,"I. Contribuições pagas abaixo do valor do salário mínimo (após novembro de 2019) não contam automaticamente para a carência previdenciária.
II. Essas contribuições são simplesmente perdidas e não podem ser aproveitadas de forma alguma.","[""Ambas verdadeiras"", ""I verdadeira, II falsa"", ""I falsa, II verdadeira"", ""Ambas falsas""]",1,"I é VERDADEIRA — após nov/2019, contribuições abaixo do mínimo não contam automaticamente para carência. II é FALSA — elas podem ser aproveitadas via COMPLEMENTAÇÃO (pagar a diferença) ou AGRUPAMENTO (somar contribuições menores até atingir o mínimo de um mês).",legacy_unverified,3ca391d210e5edca9c8a05d42399c3010b915d32392dd0ca72230fb8dc2b3733
svQs,17,"I. A perda da qualidade de segurado após o período de graça cancela automaticamente o direito à aposentadoria por idade caso todos os requisitos já tenham sido cumpridos antes da perda.
II. Para reaver a qualidade de segurado após a perda, é necessário reiniciar as contribuições e, em alguns casos, cumprir novamente parte da carência.","[""Ambas verdadeiras"", ""I verdadeira, II falsa"", ""I falsa, II verdadeira"", ""Ambas falsas""]",2,"I é FALSA — a perda da qualidade de segurado NÃO cancela direitos já adquiridos; quem já cumpriu os requisitos da aposentadoria programada antes da perda mantém o direito. II é VERDADEIRA — ao retornar ao sistema após a perda, pode ser necessário cumprir parte da carência novamente para certos benefícios.",legacy_unverified,3ca391d210e5edca9c8a05d42399c3010b915d32392dd0ca72230fb8dc2b3733
svQs,18,"I. A aposentadoria híbrida permite somar períodos de trabalho rural e urbano para fins de carência, aplicando a idade mínima reduzida do trabalhador rural.
II. Na aposentadoria híbrida, aplica-se a idade mínima urbana, sem o benefício da redução etária rural.","[""Ambas verdadeiras"", ""I verdadeira, II falsa"", ""I falsa, II verdadeira"", ""Ambas falsas""]",2,"I é FALSA — a aposentadoria híbrida PERMITE somar períodos rurais e urbanos, mas aplica a IDADE MÍNIMA URBANA, não a reduzida. II é VERDADEIRA — exatamente: por incluir tempo urbano, perde-se o benefício da redução de idade.",legacy_unverified,3ca391d210e5edca9c8a05d42399c3010b915d32392dd0ca72230fb8dc2b3733
svQs,19,"I. Servidores públicos ocupantes de cargo efetivo são filiados ao RGPS como segurados obrigatórios.
II. Se um servidor público efetivo exercer também uma atividade autônoma fora do cargo, contribuirá para o RGPS nessa segunda atividade.","[""Ambas verdadeiras"", ""I verdadeira, II falsa"", ""I falsa, II verdadeira"", ""Ambas falsas""]",2,"I é FALSA — servidores efetivos são filiados ao RPPS (regime próprio), NÃO ao RGPS. II é VERDADEIRA — se exercerem atividade fora do cargo (autônoma), passam a contribuir para o RGPS nessa atividade paralela.",legacy_unverified,3ca391d210e5edca9c8a05d42399c3010b915d32392dd0ca72230fb8dc2b3733
svQs,20,"I. No RGPS, o aposentado que continua trabalhando pode solicitar a 'desaposentação' para melhorar o valor do benefício com as novas contribuições.
II. O STF pacificou o entendimento de que a desaposentação não é permitida sem previsão legal expressa.","[""Ambas verdadeiras"", ""I verdadeira, II falsa"", ""I falsa, II verdadeira"", ""Ambas falsas""]",2,"I é FALSA — o STF AFASTOU a possibilidade de desaposentação sem previsão legal; não é possível renunciar à aposentadoria para obter uma nova mais vantajosa. II é VERDADEIRA — RE 661256 (2016): STF decidiu que a desaposentação exige previsão legal, que não existe.",legacy_unverified,3ca391d210e5edca9c8a05d42399c3010b915d32392dd0ca72230fb8dc2b3733
svQs,21,"I. A qualidade de segurado é adquirida no momento da filiação e é permanente, não podendo ser perdida enquanto a pessoa estiver viva.
II. A qualidade de segurado pode ser perdida após o período de graça, caso o segurado não retome as contribuições.","[""Ambas verdadeiras"", ""I verdadeira, II falsa"", ""I falsa, II verdadeira"", ""Ambas falsas""]",2,"I é FALSA — a qualidade de segurado NÃO é permanente; pode ser perdida após o período de graça sem contribuições. II é VERDADEIRA — encerrado o período de graça sem retorno às contribuições, o segurado perde a qualidade e, consequentemente, a proteção previdenciária.",legacy_unverified,3ca391d210e5edca9c8a05d42399c3010b915d32392dd0ca72230fb8dc2b3733
svQs,22,"I. A substituição tributária no âmbito previdenciário ocorre quando a lei atribui a uma pessoa a responsabilidade de recolher tributo devido por outra.
II. Na substituição tributária previdenciária, o substituído perde todos os direitos ao benefício, já que a contribuição foi feita por terceiro.","[""Ambas verdadeiras"", ""I verdadeira, II falsa"", ""I falsa, II verdadeira"", ""Ambas falsas""]",1,"I é VERDADEIRA — esse é o conceito exato de substituição tributária. II é FALSA — o substituído (trabalhador) NÃO perde direitos; ao contrário, a lei o protege, presumindo que o desconto foi feito corretamente pelo responsável (empregador).",legacy_unverified,3ca391d210e5edca9c8a05d42399c3010b915d32392dd0ca72230fb8dc2b3733
svQs,23,"I. O segurado facultativo de baixa renda pode contribuir com alíquota reduzida desde que inscrito em cadastro social e com renda familiar dentro do limite legal.
II. A contribuição reduzida do facultativo de baixa renda gera os mesmos direitos que a contribuição normal, incluindo aposentadoria por tempo de contribuição.","[""Ambas verdadeiras"", ""I verdadeira, II falsa"", ""I falsa, II verdadeira"", ""Ambas falsas""]",1,I é VERDADEIRA — a modalidade de baixa renda exige inscrição em cadastro social e limite de renda familiar. II é FALSA — a contribuição reduzida gera acesso a apenas alguns benefícios; a aposentadoria por tempo de contribuição exige alíquota normal e não está disponível para essa modalidade reduzida.,legacy_unverified,3ca391d210e5edca9c8a05d42399c3010b915d32392dd0ca72230fb8dc2b3733
svQs,24,"I. O período em que o segurado recebe auxílio por incapacidade pode contar para fins de carência, desde que intercalado com contribuições.
II. É permitido contribuir após ficar doente para imediatamente solicitar auxílio-doença, pois o que importa é o número de contribuições no momento do pedido.","[""Ambas verdadeiras"", ""I verdadeira, II falsa"", ""I falsa, II verdadeira"", ""Ambas falsas""]",1,"I é VERDADEIRA — o período de recebimento de benefício por incapacidade pode contar para carência se houver contribuições intercaladas, demonstrando continuidade na relação com o sistema. II é FALSA — isso é 'contribuição oportunista', vedada pelo INSS; não se pode contribuir após o evento incapacitante para obter o benefício.",legacy_unverified,3ca391d210e5edca9c8a05d42399c3010b915d32392dd0ca72230fb8dc2b3733
svQs,25,"I. O empregado doméstico precisa trabalhar de forma contínua, com subordinação, remuneração e sem finalidade lucrativa por parte do empregador.
II. O empregado doméstico somente pode prestar serviços em residências urbanas, sendo vedado o trabalho doméstico em propriedades rurais ou embarcações.","[""Ambas verdadeiras"", ""I verdadeira, II falsa"", ""I falsa, II verdadeira"", ""Ambas falsas""]",1,"I é VERDADEIRA — esses são os requisitos do empregado doméstico. II é FALSA — o trabalho doméstico pode ocorrer em propriedades particulares como sítios ou embarcações, desde que não haja exploração econômica. Se houver lucro, deixa de ser doméstico.",legacy_unverified,3ca391d210e5edca9c8a05d42399c3010b915d32392dd0ca72230fb8dc2b3733
svQs,26,"I. O empresário, independentemente da forma de atuação, é enquadrado como contribuinte individual no RGPS.
II. Um diretor de empresa que possui subordinação hierárquica à empresa pode ser considerado empregado para fins previdenciários.","[""Ambas verdadeiras"", ""I verdadeira, II falsa"", ""I falsa, II verdadeira"", ""Ambas falsas""]",0,"Ambas são VERDADEIRAS. I — o empresário (e sócios sem vínculo) é contribuinte individual no RGPS, independente do porte da empresa. II — se houver subordinação comprovada, o diretor pode ser reconhecido como empregado, com os respectivos direitos previdenciários.",legacy_unverified,3ca391d210e5edca9c8a05d42399c3010b915d32392dd0ca72230fb8dc2b3733
svQs,27,"I. O segurado obrigatório que possui mais de 120 contribuições e se desemprega tem direito a período de graça de 24 meses.
II. Se esse mesmo segurado também comprovar o desemprego involuntário, o período de graça pode ser estendido para até 48 meses.","[""Ambas verdadeiras"", ""I verdadeira, II falsa"", ""I falsa, II verdadeira"", ""Ambas falsas""]",1,"I é VERDADEIRA — mais de 120 contribuições acrescenta 12 meses ao período base de 12, totalizando 24 meses. II é FALSA — o máximo é 36 meses (12 base + 12 por ter mais de 120 contribuições + 12 por desemprego involuntário), não 48 meses.",legacy_unverified,3ca391d210e5edca9c8a05d42399c3010b915d32392dd0ca72230fb8dc2b3733
svQs,28,"I. A carência é sinônimo de filiação ao RGPS — quem está filiado automaticamente cumpriu a carência para todos os benefícios.
II. Uma pessoa pode ser segurada (ter qualidade de segurado) mas ainda não ter cumprido a carência exigida para determinado benefício.","[""Ambas verdadeiras"", ""I verdadeira, II falsa"", ""I falsa, II verdadeira"", ""Ambas falsas""]",2,"I é FALSA — filiação, qualidade de segurado e carência são conceitos distintos. Filiação é o vínculo; qualidade é a proteção ativa; carência é o número mínimo de contribuições para cada benefício. II é VERDADEIRA — quem acabou de se filiar é segurado, mas pode não ter as contribuições mínimas para, por exemplo, receber auxílio-doença.",legacy_unverified,3ca391d210e5edca9c8a05d42399c3010b915d32392dd0ca72230fb8dc2b3733
svQs,29,"I. Os vereadores que não estejam vinculados a regime próprio de previdência são segurados obrigatórios do RGPS desde a edição de lei específica em 2004.
II. Antes de 2004, os vereadores sempre foram segurados obrigatórios do RGPS, independentemente da existência de RPPS.","[""Ambas verdadeiras"", ""I verdadeira, II falsa"", ""I falsa, II verdadeira"", ""Ambas falsas""]",1,"I é VERDADEIRA — ocupantes de mandato eletivo sem RPPS passaram a ser obrigatoriamente vinculados ao RGPS a partir de lei de 2004. II é FALSA — antes de 2004, não havia obrigatoriedade expressa; a vinculação obrigatória ao RGPS para esses casos foi introduzida pela lei específica mencionada.",legacy_unverified,3ca391d210e5edca9c8a05d42399c3010b915d32392dd0ca72230fb8dc2b3733
svQs,30,"I. No regime de economia familiar do segurado especial, é permitido o auxílio eventual de terceiros e o exercício de atividades complementares, desde que não descaracterizem a condição.
II. O segurado especial perde automaticamente essa condição se vender qualquer produto da sua produção rural.","[""Ambas verdadeiras"", ""I verdadeira, II falsa"", ""I falsa, II verdadeira"", ""Ambas falsas""]",1,"I é VERDADEIRA — auxílio ocasional de terceiros e atividades complementares são permitidos no regime de economia familiar. II é FALSA — a comercialização da produção é PREVISTA e não descaracteriza a condição de segurado especial; ao contrário, é quando ocorre a comercialização que geralmente incide a contribuição previdenciária.",legacy_unverified,3ca391d210e5edca9c8a05d42399c3010b915d32392dd0ca72230fb8dc2b3733
svQs,31,"I. A aposentadoria por idade no RGPS, após a EC 103/2019, exige 65 anos para homens e 62 anos para mulheres, além do período de carência.
II. A reforma previdenciária (EC 103/2019) extinguiu por completo a aposentadoria por tempo de contribuição para todos os segurados, sem exceção.","[""Ambas verdadeiras"", ""I verdadeira, II falsa"", ""I falsa, II verdadeira"", ""Ambas falsas""]",1,"I é VERDADEIRA — a EC 103/2019 fixou 65 anos (H) e 62 anos (M) para aposentadoria por idade no RGPS. II é FALSA — a EC 103/2019 extinguiu a aposentadoria por tempo de contribuição para novos segurados, mas preservou regras de transição e direitos adquiridos de quem já havia cumprido os requisitos.",legacy_unverified,3ca391d210e5edca9c8a05d42399c3010b915d32392dd0ca72230fb8dc2b3733
dc5Qs,1,Qual é o efeito da sentença que declara a nulidade absoluta do casamento?,"[""Opera ex nunc, preservando todos os efeitos passados"", ""Opera ex tunc, retroagindo à data da celebração"", ""Depende exclusivamente da boa-fé dos cônjuges"", ""Retroage apenas em relação aos filhos havidos do casamento""]",1,A sentença de nulidade absoluta opera ex tunc — retroage à data da celebração (art. 169 CC). A ação é imprescritível e pode ser proposta por qualquer interessado ou pelo MP.,legacy_unverified,3ca391d210e5edca9c8a05d42399c3010b915d32392dd0ca72230fb8dc2b3733
dc5Qs,2,"Para que o casamento exista juridicamente, são indispensáveis dois elementos mínimos. Quais são eles?","[""Certidão de habilitação e pelo menos duas testemunhas"", ""Consentimento dos nubentes e celebração na forma da lei"", ""Registro civil e pacto antenupcial celebrado em cartório"", ""Habilitação prévia e ausência comprovada de impedimentos""]",1,"Para que o casamento exista são necessários: (1) consentimento — vontade livre dos nubentes — e (2) celebração na forma da lei. Faltando qualquer um desses elementos, o ato é inexistente — 'um nada para o direito'.",legacy_unverified,3ca391d210e5edca9c8a05d42399c3010b915d32392dd0ca72230fb8dc2b3733
dc5Qs,3,"É casamento NULO, nos termos do art. 1.548 e 1.521 do Código Civil, aquele celebrado entre:","[""Menor de 16 anos sem autorização dos pais ou representante legal"", ""Primos em segundo grau, independentemente de autorização judicial"", ""Ascendentes e descendentes, seja o parentesco natural ou civil"", ""Cônjuge e o irmão do ex-cônjuge após divórcio""]",2,"Art. 1.521 CC: são impedimentos que geram nulidade absoluta os casamentos entre ascendentes e descendentes (naturais ou civis/adoção), entre irmãos, entre adotante e adotado, entre pessoas casadas (bigamia) etc. O casamento com menor de 16 anos é ANULÁVEL, não nulo.",legacy_unverified,3ca391d210e5edca9c8a05d42399c3010b915d32392dd0ca72230fb8dc2b3733
dc5Qs,4,"Nos termos do art. 1.551 do CC, não se anulará o casamento contraído por menor que não completou 16 anos quando:","[""O menor completar 18 anos e não impugnar o ato"", ""Os representantes legais ratificarem expressamente o ato"", ""Houver gravidez resultante da relação conjugal"", ""O juiz suprir o consentimento dos representantes""]",2,"Art. 1.551 CC: não se anulará, por motivo de idade, o casamento de que resultou gravidez. A gravidez é causa de convalidação, independentemente da vontade dos representantes legais ou do próprio menor.",legacy_unverified,3ca391d210e5edca9c8a05d42399c3010b915d32392dd0ca72230fb8dc2b3733
dc5Qs,5,"No casamento anulável por vício de vontade — erro essencial sobre a pessoa do cônjuge (art. 1.557 CC) —, o prazo decadencial para propor a ação anulatória é de:","[""180 dias contados da celebração do casamento"", ""2 anos contados da descoberta do vício"", ""3 anos contados da data da celebração do casamento"", ""4 anos contados do início da coabitação com ciência do vício""]",2,"Art. 1.560, III CC: o prazo para anular o casamento por erro essencial é de 3 anos, contados da data da CELEBRAÇÃO — não da descoberta do erro. Atenção: é prazo decadencial, não prescricional.",legacy_unverified,3ca391d210e5edca9c8a05d42399c3010b915d32392dd0ca72230fb8dc2b3733
dc5Qs,6,O casamento putativo é instituto aplicável a qual plano da invalidade do negócio jurídico?,"[""Apenas à inexistência do casamento"", ""Apenas à nulidade absoluta do casamento"", ""À nulidade absoluta e à anulabilidade do casamento"", ""À anulabilidade e à inexistência do casamento""]",2,"O casamento putativo aplica-se à nulidade absoluta (art. 1.521 CC) e à anulabilidade (art. 1.550 CC), desde que haja boa-fé de ao menos um cônjuge. A INEXISTÊNCIA não gera casamento putativo — não produz qualquer efeito civil.",legacy_unverified,3ca391d210e5edca9c8a05d42399c3010b915d32392dd0ca72230fb8dc2b3733
dc5Qs,7,"Segundo o art. 1.561 §2º do CC, se ambos os cônjuges estavam de má-fé ao celebrar o casamento nulo, os efeitos civis aproveitarão:","[""A nenhum deles, inclusive aos filhos havidos do casamento"", ""Somente ao cônjuge que primeiro propôs a ação de anulação"", ""Apenas aos filhos do casal, que são sempre protegidos"", ""A ambos os cônjuges, mas somente após o trânsito em julgado da sentença""]",2,"Art. 1.561 §2º CC: se ambos os cônjuges estavam de má-fé, os efeitos civis só aproveitarão aos filhos. Os filhos são sempre protegidos independentemente da boa ou má-fé dos pais (art. 227 §6º CF).",legacy_unverified,3ca391d210e5edca9c8a05d42399c3010b915d32392dd0ca72230fb8dc2b3733
dc5Qs,8,"Quanto ao cônjuge de MÁ-FÉ no casamento putativo, o art. 1.564 do CC determina que ele:","[""Mantém todos os direitos patrimoniais do casamento, pois já foram consolidados"", ""Perde todas as vantagens havidas do cônjuge inocente e deve cumprir as promessas do pacto antenupcial"", ""Tem direito à metade do patrimônio comum adquirido durante o casamento"", ""Responde apenas por danos morais perante o cônjuge inocente, sem perda patrimonial""]",1,Art. 1.564 CC: o cônjuge de má-fé perde todas as vantagens havidas do cônjuge inocente e deve cumprir as obrigações assumidas no pacto antenupcial. Pode ainda responder por danos morais e materiais (arts. 186 e 927 CC).,legacy_unverified,3ca391d210e5edca9c8a05d42399c3010b915d32392dd0ca72230fb8dc2b3733
dc5Qs,9,Qual é o regime de bens aplicado automaticamente quando os nubentes não celebram pacto antenupcial?,"[""Comunhão universal de bens"", ""Separação convencional de bens"", ""Participação final nos aquestos"", ""Comunhão parcial de bens""]",3,"Art. 1.640 CC: não havendo convenção, ou sendo ela nula ou ineficaz, vigorará o regime da comunhão parcial de bens. É o regime legal ou supletivo — aplicado automaticamente na ausência de escolha expressa.",legacy_unverified,3ca391d210e5edca9c8a05d42399c3010b915d32392dd0ca72230fb8dc2b3733
dc5Qs,10,"Na comunhão parcial de bens, o prêmio de loteria ganho por um dos cônjuges durante o casamento:","[""É bem exclusivo de quem ganhou, por ser fruto de ato pessoal"", ""Integra o patrimônio comum do casal, por ser bem adquirido por fato eventual"", ""Depende de quem efetivamente comprou o bilhete premiado"", ""É incomunicável por ser fato eventual e aleatório""]",1,"Art. 1.660, II CC: comunicam-se os bens adquiridos por fato eventual, com ou sem o concurso de trabalho ou despesa anterior. O prêmio de loteria é fato eventual e integra o patrimônio comum — independentemente de quem comprou o bilhete.",legacy_unverified,3ca391d210e5edca9c8a05d42399c3010b915d32392dd0ca72230fb8dc2b3733
dc5Qs,11,"Na comunhão parcial, o salário recebido por um dos cônjuges durante o casamento e os bens adquiridos com esse salário:","[""Ambos são incomunicáveis — salário e bens comprados com ele"", ""O salário é incomunicável, mas os bens comprados onerosamente com ele durante o casamento comunicam-se"", ""Ambos se comunicam, pois foram obtidos na constância do casamento"", ""O salário comunica-se; os bens são incomunicáveis por serem fruto do trabalho pessoal""]",1,"Art. 1.659, VI CC: os proventos do trabalho pessoal são incomunicáveis. Mas o art. 1.660, I CC: comunicam-se os bens adquiridos onerosamente na constância do casamento. O salário é incomunicável; os bens comprados com ele durante o casamento, não.",legacy_unverified,3ca391d210e5edca9c8a05d42399c3010b915d32392dd0ca72230fb8dc2b3733
dc5Qs,12,"Na comunhão universal de bens, qual das alternativas abaixo representa um bem que NÃO se comunica?","[""Bens adquiridos por herança antes do casamento"", ""Bens comprados durante o casamento com renda própria"", ""Proventos do trabalho pessoal de cada cônjuge, nos termos do art. 1.668, VI do CC"", ""Frutos dos bens incomunicáveis percebidos durante o casamento""]",2,"Art. 1.668, VI CC: os proventos do trabalho pessoal de cada cônjuge são incomunicáveis mesmo na comunhão universal. Atenção: os bens adquiridos com esses proventos DURANTE o casamento comunicam-se (art. 1.660), e os frutos dos bens incomunicáveis também se comunicam (art. 1.669).",legacy_unverified,3ca391d210e5edca9c8a05d42399c3010b915d32392dd0ca72230fb8dc2b3733
dc5Qs,13,"A Súmula 377 do STF determina que, no regime de separação LEGAL (obrigatória) de bens:","[""Nenhum bem se comunica entre os cônjuges, inclusive os adquiridos durante o casamento"", ""Comunicam-se os bens adquiridos onerosamente na constância do casamento"", ""Apenas os bens anteriores ao casamento se comunicam entre os cônjuges"", ""O cônjuge supérstite não tem direito à herança dos bens adquiridos durante o casamento""]",1,"Súmula 377/STF: 'No regime de separação legal de bens, comunicam-se os adquiridos na constância do casamento.' Os aquestos (bens comprados onerosamente durante o casamento) comunicam-se com base na presunção do esforço comum.",legacy_unverified,3ca391d210e5edca9c8a05d42399c3010b915d32392dd0ca72230fb8dc2b3733
dc5Qs,14,"O STF, no julgamento do ARE 1.309.642 (Tema 1.236 — fevereiro de 2024), decidiu sobre o regime de separação obrigatória para maiores de 70 anos que:","[""O regime foi declarado inconstitucional e abolido completamente pelo Supremo"", ""O regime permanece obrigatório e irrenunciável em todos os casos, sem exceção"", ""O regime pode ser afastado por expressa manifestação de vontade mediante escritura pública"", ""O regime só pode ser afastado mediante autorização judicial prévia e fundamentada""]",2,"Tema 1.236/STF (ARE 1.309.642 — 01/02/2024 — unânime, rel. Min. Barroso): nos casamentos e uniões estáveis envolvendo pessoa maior de 70 anos, o regime de separação obrigatória pode ser afastado por EXPRESSA MANIFESTAÇÃO DE VONTADE das partes, por escritura pública. Efeitos prospectivos — não retroage.",legacy_unverified,3ca391d210e5edca9c8a05d42399c3010b915d32392dd0ca72230fb8dc2b3733
dc5Qs,15,"No regime de participação final nos aquestos, durante a VIGÊNCIA do casamento, a administração dos bens funciona como:","[""Comunhão universal — há um único patrimônio administrado conjuntamente"", ""Comunhão parcial — há patrimônios comuns e individuais"", ""Separação de bens — cada cônjuge administra livremente seu patrimônio"", ""Separação com autorização mútua obrigatória para atos de alienação""]",2,"Art. 1.672 CC: durante o casamento, no regime de participação final nos aquestos, cada cônjuge possui patrimônio próprio e o administra livremente — funciona como separação de bens. Só na DISSOLUÇÃO é que se apuram os aquestos e cada cônjuge tem direito à metade dos bens onerosamente adquiridos pelo casal.",legacy_unverified,3ca391d210e5edca9c8a05d42399c3010b915d32392dd0ca72230fb8dc2b3733
dc5Qs,16,O pacto antenupcial é NULO quando:,"[""Não é registrado no Cartório de Registro de Imóveis após a celebração"", ""O casamento não se realizar depois de assinado o pacto"", ""Não é celebrado por escritura pública em tabelionato de notas"", ""Contém cláusulas de natureza existencial, não apenas patrimonial""]",2,"Art. 1.653 CC: o pacto antenupcial é NULO se não for feito por escritura pública (nulidade absoluta, insanável). Se não for seguido do casamento, será apenas INEFICAZ — existe e é válido, mas não produz efeitos. O registro no RI é requisito de eficácia perante terceiros, não de validade.",legacy_unverified,3ca391d210e5edca9c8a05d42399c3010b915d32392dd0ca72230fb8dc2b3733
dc5Qs,17,"Para que o pacto antenupcial produza efeitos perante TERCEIROS (como credores dos cônjuges), é necessário:","[""Apenas a lavratura e assinatura da escritura pública pelos nubentes"", ""Registro em livro de notas no Cartório de Registro de Notas competente"", ""Registro em livro especial no Cartório de Registro de Imóveis do domicílio dos cônjuges"", ""Averbação à margem do assento de casamento no Cartório de Registro Civil""]",2,"Art. 1.657 CC: as convenções antenupciais não terão efeito perante terceiros senão depois de registradas, em livro especial, pelo oficial do Registro de Imóveis do domicílio dos cônjuges. Sem o registro, o credor que não conhecia o pacto não é prejudicado por ele.",legacy_unverified,3ca391d210e5edca9c8a05d42399c3010b915d32392dd0ca72230fb8dc2b3733
dc5Qs,18,O Enunciado 635 da VIII Jornada de Direito Civil estabelece que o pacto antenupcial pode conter cláusulas existenciais. Qual é o limite expresso para essas cláusulas?,"[""Só são válidas se tiverem conteúdo exclusivamente patrimonial ou sucessório"", ""Não devem violar a dignidade da pessoa humana, a igualdade entre os cônjuges e a solidariedade familiar"", ""São proibidas quando envolvam menores em idade núbil, mesmo com autorização dos pais"", ""Dependem de homologação judicial para adquirir validade e eficácia entre as partes""]",1,"Enunciado 635 — VIII Jornada de Direito Civil: 'O pacto antenupcial e o contrato de convivência podem conter cláusulas existenciais, desde que estas não violem os princípios da dignidade da pessoa humana, da igualdade entre os cônjuges e da solidariedade familiar.'",legacy_unverified,3ca391d210e5edca9c8a05d42399c3010b915d32392dd0ca72230fb8dc2b3733
dc5Qs,19,"O contrato de convivência, equivalente ao pacto antenupcial para a união estável, difere deste principalmente porque:","[""Só pode ser celebrado por escritura pública, assim como o pacto antenupcial"", ""Pode ser firmado por instrumento público OU particular, a qualquer momento da união"", ""É dispensável, pois a união estável é automaticamente regida pela comunhão universal"", ""Deve ser registrado no Cartório de Registro de Imóveis para ter validade entre as partes""]",1,"Art. 1.725 CC: na união estável, o contrato de convivência pode ser firmado por instrumento público OU particular, a qualquer tempo — ao contrário do pacto antenupcial, que exige escritura pública e deve ser celebrado ANTES do casamento.",legacy_unverified,3ca391d210e5edca9c8a05d42399c3010b915d32392dd0ca72230fb8dc2b3733
dc5Qs,20,"A mutabilidade do regime de bens, prevista no art. 1.639 §2º do CC, é possível mediante:","[""Simples declaração de vontade dos cônjuges perante o cartório de notas, sem necessidade de decisão judicial"", ""Pedido motivado de ambos os cônjuges ao juiz, que verificará a procedência das razões e os direitos de terceiros"", ""Novo pacto antenupcial celebrado após o casamento, com registro imediato no Cartório de Imóveis"", ""Decisão unilateral de qualquer um dos cônjuges, desde que notificado o outro com antecedência mínima de 30 dias""]",1,"Art. 1.639 §2º CC: é admissível alteração do regime de bens, mediante autorização judicial em pedido motivado de AMBOS OS CÔNJUGES, apurada a procedência das razões invocadas e ressalvados os direitos de terceiros. Exige pedido conjunto e decisão judicial — não basta ato cartorial.",legacy_unverified,3ca391d210e5edca9c8a05d42399c3010b915d32392dd0ca72230fb8dc2b3733
